season,analysis_period,FlightDate,period_day,flights,disruption_rate,delay15_rate,cancellation_rate,diversion_rate
2023-2024,Thanksgiving Week,2023-11-19,0,19734,18.222357352792134,18.014594101550625,0.14188709840883754,0.06587615283267458
2023-2024,Thanksgiving Week,2023-11-20,1,19580,16.96629213483146,16.629213483146067,0.16853932584269662,0.16853932584269662
2023-2024,Thanksgiving Week,2023-11-21,2,19743,20.690877779466142,20.326191561566127,0.2633844907055665,0.10130172719444866
2023-2024,Thanksgiving Week,2023-11-22,3,20080,13.98406374501992,13.774900398406375,0.049800796812749,0.1593625498007968
2023-2024,Thanksgiving Week,2023-11-23,4,11417,4.721030042918455,4.677235701147412,0.017517736708417272,0.02627660506262591
2023-2024,Thanksgiving Week,2023-11-24,5,17066,11.508262041485995,11.396929567561234,0.05859603890776984,0.05273643501699286
2023-2024,Thanksgiving Week,2023-11-25,6,19358,16.38082446533733,16.096704204979854,0.17563797913007542,0.10848228122739953
2023-2024,Thanksgiving Week,2023-11-26,7,20578,29.12333560112742,28.79774516473904,0.11662941004956749,0.20896102633880842
2023-2024,Christmas Week,2023-12-21,0,19752,15.269339813689752,14.833940866747671,0.2733900364520049,0.16200891049007696
2023-2024,Christmas Week,2023-12-22,1,19840,19.692540322580644,19.1179435483871,0.3125,0.26209677419354843
2023-2024,Christmas Week,2023-12-23,2,18744,21.10008536064874,19.595603926589842,1.0990183525394792,0.4054630815194195
2023-2024,Christmas Week,2023-12-24,3,15961,19.378485057327236,16.765866800325792,2.224171417830963,0.38844683917047806
2023-2024,Christmas Week,2023-12-25,4,16326,13.73269631263016,12.513781697905182,0.9432806566213403,0.27563395810363833
2023-2024,Christmas Week,2023-12-26,5,19207,28.447961680637267,27.33378455771333,0.8174103191544749,0.2967668037694591
2023-2024,Christmas Week,2023-12-27,6,19147,27.826813600041785,26.975505301091555,0.6371755366375934,0.21413276231263384
2023-2024,Christmas Week,2023-12-28,7,19185,22.011988532707843,21.746155850925202,0.18243419338024497,0.0833984884023977
2023-2024,New Year's Week,2023-12-29,0,19283,17.823990043043096,17.533578799979257,0.18669294196961053,0.10371830109422808
2023-2024,New Year's Week,2023-12-30,1,18504,15.888456549935148,15.639861651534803,0.12429744920017292,0.12429744920017292
2023-2024,New Year's Week,2023-12-31,2,16752,13.974450811843361,13.753581661891118,0.14326647564469913,0.07760267430754537
2023-2024,New Year's Week,2024-01-01,3,17265,11.456704315088329,11.317694758181291,0.10425716768027803,0.03475238922675934
2023-2024,New Year's Week,2024-01-02,4,18977,18.701586130579123,18.41176160615482,0.13173842019286505,0.15808610423143804
2023-2024,New Year's Week,2024-01-03,5,18520,18.207343412526996,18.012958963282937,0.10259179265658747,0.091792656587473
2023-2024,New Year's Week,2024-01-04,6,18066,12.232923724122662,11.734750359791875,0.3597918742389018,0.1383814900918853
2023-2024,Jan 15-30 Baseline,2024-01-15,0,18620,58.02900107411385,41.611170784103116,15.907626208378087,0.5102040816326531
2023-2024,Jan 15-30 Baseline,2024-01-16,1,16530,57.77979431336963,44.79733817301875,12.770719903206293,0.21173623714458562
2023-2024,Jan 15-30 Baseline,2024-01-17,2,16877,31.332582805000893,25.32440599632636,5.711915624814837,0.2962611838596907
2023-2024,Jan 15-30 Baseline,2024-01-18,3,18663,22.47227133901302,19.16090660665488,3.214917215881691,0.09644751647645072
2023-2024,Jan 15-30 Baseline,2024-01-19,4,18698,40.68349556102257,35.25510749812814,5.203765108567762,0.22462295432666596
2023-2024,Jan 15-30 Baseline,2024-01-20,5,15535,21.165111039588027,19.060186675249437,1.9568715803025427,0.14805278403604766
2023-2024,Jan 15-30 Baseline,2024-01-21,6,18573,20.59979540192753,18.76379690949227,1.6637053787756422,0.17229311365961342
2023-2024,Jan 15-30 Baseline,2024-01-22,7,18559,28.46058516083841,23.864432350880975,4.353682849291449,0.24246996066598414
2023-2024,Jan 15-30 Baseline,2024-01-23,8,16472,23.87081107333657,20.367897037396794,3.2175813501699855,0.28533268576979115
2023-2024,Jan 15-30 Baseline,2024-01-24,9,16837,24.83815406545109,20.835065629268872,3.587337411652907,0.4157510245293104
2023-2024,Jan 15-30 Baseline,2024-01-25,10,18684,26.28987368871762,21.85827445943053,3.944551487904089,0.4870477413830015
2023-2024,Jan 15-30 Baseline,2024-01-26,11,18708,20.771862304896302,18.473380372033354,2.122086807782767,0.1763951250801796
2023-2024,Jan 15-30 Baseline,2024-01-27,12,15546,15.817573652386466,13.681976071015054,1.8139714395986106,0.3216261417728033
2023-2024,Jan 15-30 Baseline,2024-01-28,13,18647,17.874188877567438,17.026867592642247,0.659623531935432,0.18769775298975708
2023-2024,Jan 15-30 Baseline,2024-01-29,14,18383,12.82706848718925,12.070935103084372,0.6364575966925965,0.11967578741228309
2023-2024,Jan 15-30 Baseline,2024-01-30,15,16352,10.99559686888454,10.555283757338552,0.35469667318982384,0.08561643835616438
2024-2025,Thanksgiving Week,2024-11-24,0,21110,15.201326385599243,14.855518711511131,0.2273803884414969,0.11842728564661299
2024-2025,Thanksgiving Week,2024-11-25,1,21003,14.388420701804506,14.126553349521497,0.19521020806551445,0.06665714421749273
2024-2025,Thanksgiving Week,2024-11-26,2,21186,15.769848012838667,15.387520060417256,0.25960539979231567,0.12272255262909468
2024-2025,Thanksgiving Week,2024-11-27,3,21285,16.34954193093728,16.133427296217995,0.08926474042753113,0.12684989429175475
2024-2025,Thanksgiving Week,2024-11-28,4,11212,8.544416696396716,8.446307527648948,0.0,0.09810916874777025
2024-2025,Thanksgiving Week,2024-11-29,5,17668,13.374462304731718,13.306542902422457,0.01697985057731492,0.05093955173194476
2024-2025,Thanksgiving Week,2024-11-30,6,20580,22.244897959183675,22.103984450923225,0.06802721088435373,0.0728862973760933
2024-2025,Thanksgiving Week,2024-12-01,7,21764,23.189671016357288,22.849659988972615,0.23433192427862523,0.10567910310604668
2024-2025,Christmas Week,2024-12-21,0,19492,35.20931664272522,33.82926328750256,1.1902318900061564,0.18982146521649906
2024-2025,Christmas Week,2024-12-22,1,20320,22.957677165354333,22.573818897637796,0.2559055118110236,0.1279527559055118
2024-2025,Christmas Week,2024-12-23,2,20402,16.611116557200276,16.37584550534261,0.1225370061758651,0.1127340456817959
2024-2025,Christmas Week,2024-12-24,3,15584,28.137833675564682,26.161447638603697,1.0844455852156056,0.89194045174538
2024-2025,Christmas Week,2024-12-25,4,15682,9.737278408366281,8.965693151383752,0.6057900777961995,0.16579517918632827
2024-2025,Christmas Week,2024-12-26,5,20274,32.93873927197396,29.155568708690932,3.2603334319818487,0.5228371313011739
2024-2025,Christmas Week,2024-12-27,6,20301,30.358110437909463,29.461602876705584,0.6058814836707551,0.2906260775331264
2024-2025,Christmas Week,2024-12-28,7,19463,39.197451574782924,37.09089040743976,1.6903868879412218,0.4161742794019422
2024-2025,New Year's Week,2024-12-29,0,20203,42.335296738108205,40.226699005098254,1.564124139979211,0.544473593030738
2024-2025,New Year's Week,2024-12-30,1,20309,18.89802550593333,17.982175390221084,0.526860012802206,0.3889901029100399
2024-2025,New Year's Week,2024-12-31,2,16607,16.16788101403023,15.276690552176794,0.39742277352923466,0.49376768832420065
2024-2025,New Year's Week,2025-01-01,3,16827,15.582100196113387,15.249301717477861,0.2139418791228383,0.11885659951268795
2024-2025,New Year's Week,2025-01-02,4,19640,17.790224032586558,16.726069246435845,0.4684317718940937,0.5957230142566191
2024-2025,New Year's Week,2025-01-03,5,19358,27.353032338051452,26.68147535902469,0.5269139373902263,0.14464304163653272
2024-2025,New Year's Week,2025-01-04,6,18544,30.98037100949094,29.432700603968936,1.2295081967213115,0.31816220880069024
2024-2025,Jan 15-30 Baseline,2025-01-15,0,16044,6.980802792321117,6.8748441785091,0.08102717526801295,0.02493143854400399
2024-2025,Jan 15-30 Baseline,2025-01-16,1,18542,13.11616869809082,12.722467910689245,0.15640168266637902,0.2372991047351958
2024-2025,Jan 15-30 Baseline,2025-01-17,2,18415,12.473527016019549,12.283464566929133,0.10860711376595167,0.08145533532446375
2024-2025,Jan 15-30 Baseline,2025-01-18,3,14690,12.443839346494213,12.246426140231451,0.06126616746085772,0.13614703880190604
2024-2025,Jan 15-30 Baseline,2025-01-19,4,16874,27.776460827308284,22.55541069100391,4.758800521512386,0.46224961479198773
2024-2025,Jan 15-30 Baseline,2025-01-20,5,18595,32.62705028233396,30.153267007260016,2.3608496907770906,0.112933584296854
2024-2025,Jan 15-30 Baseline,2025-01-21,6,16034,29.41873518772608,19.128102781589124,10.159660720967944,0.13097168516901583
2024-2025,Jan 15-30 Baseline,2025-01-22,7,16244,26.766806205368137,18.345235163752772,8.347697611425756,0.07387343018960847
2024-2025,Jan 15-30 Baseline,2025-01-23,8,18277,22.24653936641681,19.16069376812387,2.9709470919735184,0.11489850631941785
2024-2025,Jan 15-30 Baseline,2025-01-24,9,18142,14.722742806746774,14.099878734428398,0.5567192150810274,0.0661448572373498
2024-2025,Jan 15-30 Baseline,2025-01-25,10,15026,14.840942366564622,14.554771729003061,0.07986157327299348,0.2063090642885665
2024-2025,Jan 15-30 Baseline,2025-01-26,11,18674,11.904251901038878,11.66863018100032,0.08032558637678056,0.15529613366177575
2024-2025,Jan 15-30 Baseline,2025-01-27,12,18007,9.279724551563282,9.079802299105904,0.08330093852390737,0.11662131393347032
2024-2025,Jan 15-30 Baseline,2025-01-28,13,15911,6.008421846521275,5.8827226447112055,0.0251398403620137,0.1005593614480548
2024-2025,Jan 15-30 Baseline,2025-01-29,14,16192,11.042490118577074,9.659090909090908,0.8399209486166008,0.5434782608695652
2024-2025,Jan 15-30 Baseline,2025-01-30,15,18206,18.40601999340877,13.479072833131934,4.608370866747226,0.31857629352960565
2025-2026,Thanksgiving Week,2025-11-23,0,20588,15.373032834660968,15.013600155430348,0.17485914124732854,0.18457353798329124
2025-2026,Thanksgiving Week,2025-11-24,1,20177,22.91718293106012,21.51955196510879,1.0556574317291967,0.3419735342221341
2025-2026,Thanksgiving Week,2025-11-25,2,20739,18.366362891171224,17.821495732677565,0.22180433000626837,0.3230628284873909
2025-2026,Thanksgiving Week,2025-11-26,3,20783,22.446230091902038,21.965067603329643,0.29832074291488236,0.18284174565750855
2025-2026,Thanksgiving Week,2025-11-27,4,11001,7.690209980910827,7.435687664757749,0.145441323516044,0.109080992637033
2025-2026,Thanksgiving Week,2025-11-28,5,18380,15.952121871599564,15.484221980413492,0.34276387377584333,0.1251360174102285
2025-2026,Thanksgiving Week,2025-11-29,6,20216,38.88998812821527,30.17411950929956,8.374554808072814,0.34131381084289675
2025-2026,Thanksgiving Week,2025-11-30,7,21576,49.04523544679273,44.9851687059696,3.8515016685205787,0.20856507230255839
2025-2026,Christmas Week,2025-12-21,0,20046,24.962586052080216,23.485982240846052,1.18228075426519,0.2943230569689714
2025-2026,Christmas Week,2025-12-22,1,20087,19.116841738437795,18.519440434111615,0.4679643550555086,0.12943694927067256
2025-2026,Christmas Week,2025-12-23,2,19860,23.615307150050352,22.905337361530716,0.4682779456193354,0.2416918429003021
2025-2026,Christmas Week,2025-12-24,3,15596,16.824826878686842,15.946396511926133,0.5385996409335727,0.33983072582713514
2025-2026,Christmas Week,2025-12-25,4,15437,13.001230809095032,12.230355639049039,0.589492777093995,0.18138239295199843
2025-2026,Christmas Week,2025-12-26,5,20028,35.86978230477332,29.563610944677453,6.001597763131616,0.30457359696425
2025-2026,Christmas Week,2025-12-27,6,19153,41.1058319845455,36.64177935571451,4.082911293269984,0.3811413355610087
2025-2026,Christmas Week,2025-12-28,7,19999,42.532126606330316,38.831941597079854,3.300165008250412,0.40002000100005003
2025-2026,New Year's Week,2025-12-29,0,20079,40.26594949947707,37.0287364908611,3.047960555804572,0.189252452811395
2025-2026,New Year's Week,2025-12-30,1,19961,31.37618355793798,30.208907369370273,0.9368268122839538,0.2304493762837533
2025-2026,New Year's Week,2025-12-31,2,16534,24.591750332647877,23.533325269142374,0.7681141889439942,0.2903108745615096
2025-2026,New Year's Week,2026-01-01,3,17388,29.543363239015413,28.07683459857373,1.000690131124914,0.4658385093167702
2025-2026,New Year's Week,2026-01-02,4,19992,25.170068027210885,23.969587835134053,1.0404161664665865,0.1600640256102441
2025-2026,New Year's Week,2026-01-03,5,19113,33.39088578454455,29.409302568932137,3.7409093287291375,0.24067388688327318
2025-2026,New Year's Week,2026-01-04,6,20018,32.70556499150764,30.787291437706067,1.6035567988810073,0.3147167549205715
2025-2026,Jan 15-30 Baseline,2026-01-15,0,18722,17.69041769041769,16.809101591710288,0.6249332336288858,0.25638286507851726
2025-2026,Jan 15-30 Baseline,2026-01-16,1,18709,21.845101288150087,21.070073226789248,0.6146774279758405,0.16035063338500188
2025-2026,Jan 15-30 Baseline,2026-01-17,2,15214,19.100828184566847,18.502694886288946,0.3286446693834626,0.2694886288944393
2025-2026,Jan 15-30 Baseline,2026-01-18,3,17282,28.83346834857077,27.109130887628748,1.429232727693554,0.2951047332484666
2025-2026,Jan 15-30 Baseline,2026-01-19,4,18876,25.460902733630007,24.687433778342868,0.5827505827505828,0.19071837253655435
2025-2026,Jan 15-30 Baseline,2026-01-20,5,16266,14.668633960408215,14.31206196975286,0.24591171769334808,0.11066027296200663
2025-2026,Jan 15-30 Baseline,2026-01-21,6,16429,12.179682269158196,11.80838760727981,0.20086432527847098,0.17043033659991477
2025-2026,Jan 15-30 Baseline,2026-01-22,7,18193,12.752157423184741,12.488319683394712,0.18138844610564503,0.0824492936843841
2025-2026,Jan 15-30 Baseline,2026-01-23,8,18227,21.736983595764524,19.043177703407032,2.496296702693806,0.19750918966368572
2025-2026,Jan 15-30 Baseline,2026-01-24,9,15463,40.03104184181595,18.86438595356658,21.06318308219621,0.10347280605315916
2025-2026,Jan 15-30 Baseline,2026-01-25,10,18675,69.70281124497993,23.052208835341364,46.48460508701472,0.16599732262382866
2025-2026,Jan 15-30 Baseline,2026-01-26,11,18042,57.47699811550826,30.168495732180467,27.120053209178586,0.1884491741492074
2025-2026,Jan 15-30 Baseline,2026-01-27,12,16191,41.5230683713174,27.533815082453216,13.859551602742265,0.12970168612191957
2025-2026,Jan 15-30 Baseline,2026-01-28,13,16411,26.677228688075072,21.637925781488025,4.899153007129364,0.14014989945768083
2025-2026,Jan 15-30 Baseline,2026-01-29,14,18217,21.00784981061646,20.376571334467805,0.5818740736674535,0.049404402481198886
2025-2026,Jan 15-30 Baseline,2026-01-30,15,18247,24.984929029429495,21.69123691565737,2.937469173014742,0.35622294075738475
